ham,spam,Unique Url,FQDN,Website Size in KB,Website Textual Content Length,Status Code,Parked
1,0,https://bit.ly/2Wbzubn,bit.ly,137740,10189,200,1
1,0,https://bit.ly/3Lt7QAy,bit.ly,137740,10189,200,1
1,0,http://movtv.co.mz,movtv.co.mz,0,0,-1,0
1,0,https://yabadoo.tv/client/tmcel,yabadoo.tv,31743,1696,200,0
1,0,www.zap.co.mz,www.zap.co.mz,7707,10,200,0
1,0,https://onelink.to/xanf67,onelink.to,301512,2288,200,0
1,0,http://onelink.to/xanf67,onelink.to,301512,2288,200,0
1,0,https://bit.ly/3Nhs27X,bit.ly,137740,10189,200,1
1,0,https://bit.ly/M-PesaTC,bit.ly,137740,10189,200,1
