ham,spam,Unique Url,FQDN,Website Size in KB,Website Textual Content Length,Status Code,Parked
0,1,http://sz.hurraay.com/BsNl/bM/vd_v.jsp?p=tsd1499411135lL,sz.hurraay.com,1182,433,200,0
0,1,http://jio.com/r/FU8hDfF4,jio.com,3312763,186555,200,0
0,1,https://goo.gl/9PNVKG,goo.gl,0,0,400,0
1,0,https://goo.gl/pEsvd3,goo.gl,0,0,400,0
1,0,http://msg.mn/JJ_33p/ouo91hI,msg.mn,0,0,-1,0
1,0,http://jio.com/r/DxKRcmwE,jio.com,3312763,186555,200,0
1,0,http://amzn.in/1jYwlwQ,amzn.in,821879,407336,200,1
1,0,http://pytm.ml/scd,pytm.ml,0,0,-1,0
1,0,http://tiny.jio.com/MyJioVideo,tiny.jio.com,1764,116,200,0
1,0,http://amzn.in/hUpUrCo,amzn.in,769266,403767,200,1
0,1,http://jio.com/r/BQyeaIVI,jio.com,3312763,186555,200,0
0,1,http://bit.ly/2En4VY6,bit.ly,137740,28069,200,1
0,1,http://bit.ly/Open811,bit.ly,137740,28069,200,1
1,0,http://amzn.in/i960tpx,amzn.in,822717,411886,200,1
0,1,https://t.co/Immv5S18wf,t.co,3367,337,200,0
0,1,http://bit.ly/2u8383B,bit.ly,137740,28069,200,1
1,0,www.shop101.com/orders,www.shop101.com,89739,16390,200,0
0,1,http://jio.com/r/Wp1L4Jah,jio.com,3312763,186555,200,0
1,0,http://jio.com/r/Xm94gxFu,jio.com,3312763,186555,200,0
0,1,https://goo.gl/NXFbMU,goo.gl,0,0,400,0
0,1,http://jio.com/r/0qNNDfz1,jio.com,3312763,186555,200,0
0,1,www.gs.im/m/?t=w9vNJVVwqPB,www.gs.im,0,0,404,0
1,0,https://bmsurl.co/7qYw9LVa,bmsurl.co,0,0,-1,0
1,0,http://fkrt.it/FAM3pTuuuN,fkrt.it,811520,256338,200,1
1,0,http://fkrt.it/Gr0EGTuuuN,fkrt.it,811584,256404,200,1
0,1,https://goo.gl/TdWnef,goo.gl,0,0,400,0
0,1,https://go.fyndi.ng/bs,go.fyndi.ng,396567,366590,200,1
0,1,http://piza.io/i/a.asp?i=101860118407036777,piza.io,114,0,200,1
1,0,http://fkrt.it/ME3ggKNNNN,fkrt.it,812541,256386,200,1
0,1,https://go.fyndi.ng/rs8,go.fyndi.ng,396567,366590,200,1
0,1,http://onelink.to/eu423g,onelink.to,301512,2369,200,0
0,1,https://goo.gl/o8DF6i,goo.gl,0,0,400,0
1,0,http://amzn.in/fBnvbF9,amzn.in,827772,418195,200,1
1,0,http://m.p-y.tm/OpS2011,m.p-y.tm,1937,742,200,0
1,0,http://msg.gd/s/Lxdavq/tzKqYx,msg.gd,0,0,-1,0
0,1,https://goo.gl/LMeqcM,goo.gl,0,0,400,0
0,1,http://jio.com/r/yROHGL85,jio.com,3312763,186555,200,0
0,1,https://go.fyndi.ng/npv,go.fyndi.ng,396567,366590,200,1
1,0,http://jio.com/r/Dy7mWZt5,jio.com,3312763,186555,200,0
0,1,http://bit.ly/2vPv2yy,bit.ly,137740,28069,200,1
1,0,http://ekrt.in/u4~FpKNNNN,ekrt.in,812624,256519,200,1
0,1,https://goo.gl/ANmhQx,goo.gl,0,0,400,0
0,1,www.goo.gl/z3wlVp,www.goo.gl,0,0,404,0
1,0,http://fkrt.it/eIzUM!NNNN,fkrt.it,812472,256409,200,1
0,1,http://jio.com/r/YsMVK0t1,jio.com,3312763,186555,200,0
1,0,http://jio.com/r/EASRS3o0,jio.com,3312763,186555,200,0
0,1,http://jio.com/r/KS00H9Qk,jio.com,3312763,186555,200,0
0,1,http://jio.com/r/LeXTvki3,jio.com,3312763,186555,200,0
0,1,http://jio.com/r/xZWdOjgK,jio.com,3312763,186555,200,0
0,1,https://goo.gl/kQEMkB,goo.gl,0,0,400,0
0,1,https://goo.gl/GzdiKW,goo.gl,0,0,400,0
1,0,http://jio.com/r/WzaSOd8y,jio.com,3312763,186555,200,0
0,1,http://jio.com/r/Z4eFeusP,jio.com,3312763,186555,200,0
0,1,http://jio.com/r/O0o1UMca,jio.com,3312763,186555,200,0
0,1,https://go.fyndi.ng/rcd,go.fyndi.ng,396567,366590,200,1
1,0,http://bit.ly/2tW0i2L,bit.ly,137740,28069,200,1
0,1,https://goo.gl/mgej2n,goo.gl,0,0,400,0
1,0,https://play.google.com/store/apps/details?id=com.sbi.erupee,play.google.com,1274931,192108,200,1
1,0,http://amzn.in/cTbr5rs,amzn.in,848710,421262,200,1
0,1,http://bit.ly/ispprogram8,bit.ly,137740,28069,200,1
0,1,https://goo.gl/9c5bPa,goo.gl,0,0,400,0
0,1,https://go.fyndi.ng/mlr,go.fyndi.ng,396567,366590,200,1
0,1,http://www.careerlauncher.com/cat/,www.careerlauncher.com,31095,12015,200,0
0,1,http://go.ibi.bo/br3,go.ibi.bo,0,0,-1,0
0,1,https://goo.gl/43GbQL,goo.gl,0,0,400,0
0,1,https://goo.gl/W245w6,goo.gl,0,0,400,0
0,1,http://www.finalsemprojects.com,www.finalsemprojects.com,76448,9743,200,0
0,1,https://goo.gl/4idgcl,goo.gl,0,0,400,0
0,1,http://msg.mn/mOVzE0,msg.mn,0,0,-1,0
1,0,www.vodafone.in/b3,www.vodafone.in,0,0,-1,0
1,0,http://m.p-y.tm/year_end,m.p-y.tm,1937,742,200,0
1,0,http://jio.com/r/EXWzhtQs,jio.com,3312763,186555,200,0
0,1,https://goo.gl/GznyYu,goo.gl,0,0,400,0
1,0,http://cfb.delhivery.com/?wbn=1248710271574,cfb.delhivery.com,6146,697,200,0
0,1,http://jio.com/r/SU7fSolC,jio.com,3312763,186555,200,0
1,0,http://goo.gl/qUlXqL,goo.gl,0,0,400,0
1,0,http://jio.com/r/EwtxhCqr,jio.com,3312763,186555,200,0
1,0,http://m.p-y.tm/Cntbl,m.p-y.tm,1937,742,200,0
1,0,http://jio.com/r/IOONuo,jio.com,3312763,186555,200,0
0,1,http://jio.com/r/Z3f5488U,jio.com,3312763,186555,200,0
1,0,http://m.owsms.in/XTSEqkuk,m.owsms.in,0,0,-1,0
1,0,http://bit.ly/Jio4GVoice,bit.ly,137740,28069,200,1
0,1,http://bit.ly/2j552yz,bit.ly,137740,28069,200,1
0,1,https://goo.gl/LhHKCT,goo.gl,0,0,400,0
1,0,http://olaca.bs/yjdcWrtL2H,olaca.bs,0,0,404,0
0,1,https://goo.gl/x9YNuL,goo.gl,0,0,400,0
1,0,www.payback.in,www.payback.in,0,0,-1,0
0,1,https://goo.gl/9M9YQM,goo.gl,0,0,400,0
0,1,http://cetking.com/product/cet/,cetking.com,150610,6657,200,0
1,0,http://bit.ly/2dBAEow,bit.ly,137740,28069,200,1
1,0,http://frch.in/FP,frch.in,0,0,404,0
1,0,http://jio.com/r/Ea20IkZY,jio.com,3312763,186555,200,0
0,1,https://goo.gl/Y4D8Zg,goo.gl,0,0,400,0
1,1,http://www.jio.com/getmyjio,www.jio.com,3312763,186555,200,0
1,0,http://ekrt.in/iH65h!NNNN,ekrt.in,811747,256352,200,1
1,0,http://p-y.tm/5srD,p-y.tm,303336,98862,200,1
0,1,http://go-hike.in/a/Za2P_vu2,go-hike.in,0,0,-1,0
0,1,https://go.fyndi.ng/atw,go.fyndi.ng,396567,366590,200,1
1,0,http://tiny.jio.com/MyJioVideo?,tiny.jio.com,1764,116,200,0
0,1,https://goo.gl/uovqQX,goo.gl,0,0,400,0
0,1,https://go.fyndi.ng/sn,go.fyndi.ng,396567,366590,200,1
1,0,https://goo.gl/Y8JMrv,goo.gl,0,0,400,0
0,1,http://go-hike.in/a/tGIEVL6r,go-hike.in,0,0,-1,0
1,0,www.bookmyshow.com,www.bookmyshow.com,0,0,200,0
0,1,https://goo.gl/bCK95e,goo.gl,0,0,400,0
0,1,https://goo.gl/BT3y6N,goo.gl,0,0,400,0
0,1,http://jio.com/r/KG10uQN3,jio.com,3312763,186555,200,0
1,0,https://goo.gl/WUk5pn,goo.gl,0,0,400,0
0,1,http://jio.com/r/Z4eEJcq4,jio.com,3312763,186555,200,0
0,1,http://jio.com/r/ERRQ3NUN,jio.com,3312763,186555,200,0
0,1,http://goo.gl/Fjd16J,goo.gl,0,0,400,0
0,1,https://goo.gl/Mdtwjy,goo.gl,0,0,400,0
0,1,http://go-hike.in/a/2ZDUm6nR,go-hike.in,0,0,-1,0
0,1,http://smsd.in/l1EZym0E,smsd.in,0,0,200,1
1,0,www.gobrainwiz.in,www.gobrainwiz.in,60259,8437,200,1
0,1,https://goo.gl/n7k4s9,goo.gl,0,0,400,0
0,1,https://goo.gl/qkFE1t,goo.gl,0,0,400,0
1,0,http://jio.com/r/JoYduA,jio.com,3312763,186555,200,0
1,0,http://jio.com/r/JoQ3kf,jio.com,3312763,186555,200,0
0,1,http://bit.ly/2vZFvJA,bit.ly,137740,28069,200,1
0,1,http://bit.ly/2w25NuJ,bit.ly,137740,28069,200,1
1,0,http://jio.com/r/DJFajgJN,jio.com,3312763,186555,200,0
1,0,http://fkrt.it/7NgJD!NNNN,fkrt.it,812491,256259,200,1
0,1,http://bit.ly/2uLQeVN,bit.ly,137740,28069,200,1
0,1,http://jio.com/r/EjadL8Fs,jio.com,3312763,186555,200,0
0,1,https://fb.com/l/1ObUR03X4WXuI9O,fb.com,77992,32746,200,0
0,1,https://goo.gl/SSsBsq,goo.gl,0,0,400,0
0,1,https://goo.gl/n6qQdu,goo.gl,0,0,400,0
0,1,http://vls.bz/OXsNCd6ZJa5,vls.bz,0,0,-1,0
0,1,http://bit.ly/1olacabs,bit.ly,137740,28069,200,1
0,1,http://sz.hurraay.com/BsNl/bM/vd_v.jsp?p=hsk1499411135tL,sz.hurraay.com,1182,433,200,0
0,1,https://goo.gl/yQ5EbY,goo.gl,0,0,400,0
0,1,https://play.google.com/store/apps/details?id=com.sbi.mobicash&hl=en,play.google.com,1274977,192144,200,1
0,1,http://sz.hurraay.com/BsNl/bM/vd_v.jsp?p=asb1499411135eL,sz.hurraay.com,1182,433,200,0
0,1,http://sz.hurraay.com/BsNl/bM/vd_v.jsp?p=tds1499411135aL,sz.hurraay.com,1182,433,200,0
0,1,http://bit.ly/Locateus-BF,bit.ly,137740,28069,200,1
1,0,http://tiny.jio.com/BuyAddOn,tiny.jio.com,1764,116,200,0
1,0,www.vodafone.in/j1,www.vodafone.in,0,0,-1,0
0,1,https://goo.gl/jY2d63,goo.gl,0,0,400,0
0,1,https://go.fyndi.ng/ppi,go.fyndi.ng,396567,366590,200,1
0,1,https://www.shop101.com/WatchJunction?s-8,www.shop101.com,89739,16390,200,0
0,1,http://weurl.co/pkWSZ,weurl.co,35,9,200,0
1,0,http://fkrt.it/D15AKTuuuN,fkrt.it,811736,256433,200,1
0,1,https://goo.gl/aovjfF,goo.gl,0,0,400,0
0,1,http://bit.ly/2rqYJci,bit.ly,137740,28069,200,1
0,1,http://jio.com/r/YPDprf9r,jio.com,3312763,186555,200,0
0,1,http://weurl.co/JkVIh,weurl.co,35,9,200,0
0,1,https://go.fyndi.ng/sxf,go.fyndi.ng,396567,366590,200,1
1,0,https://goo.gl/V7Cejg,goo.gl,0,0,400,0
1,0,http://m.p-y.tm/GC2511,m.p-y.tm,1937,742,200,0
0,1,https://go.ibi.bo/W1ad/4huaxKwq1G,go.ibi.bo,0,0,-1,0
0,1,https://goo.gl/n1wqMA,goo.gl,0,0,400,0
1,0,www.amazon.in/track,www.amazon.in,793233,403294,200,1
1,0,http://jio.com/r/CXA4gULV,jio.com,3312763,186555,200,0
0,1,https://goo.gl/vgWvny,goo.gl,0,0,400,0
0,1,https://goo.gl/BqjdAK,goo.gl,0,0,400,0
1,0,http://jio.com/r/CLAhYSye,jio.com,3312763,186555,200,0
0,1,https://go.fyndi.ng/jma,go.fyndi.ng,396567,366590,200,1
0,1,www.vodafone.in/u,www.vodafone.in,0,0,-1,0
0,1,https://goo.gl/c4M4ag,goo.gl,0,0,400,0
1,0,http://ekrt.in/PZS!YTuuuN,ekrt.in,812411,256368,200,1
0,1,https://n7265.app.goo.gl/pGuk,n7265.app.goo.gl,0,0,400,0
1,0,http://amzn.in/gqw9z4V,amzn.in,837153,426311,200,1
0,1,http://www.careerlauncher.com/snap/,www.careerlauncher.com,31095,12015,200,0
0,1,https://goo.gl/VC4K0k,goo.gl,0,0,400,0
1,0,http://goim.in/P4KaEYmw,goim.in,313683,116845,200,1
0,1,https://tinyurl.com/z5v3rd6,tinyurl.com,13611,0,200,1
0,1,https://bnc.lt/W1ad/Z2sr1rIhNt,bnc.lt,0,0,404,0
0,1,https://goo.gl/b4Hoxb,goo.gl,0,0,400,0
1,0,https://goo.gl/Kj6zE9,goo.gl,0,0,400,0
0,1,https://goo.gl/63JERD,goo.gl,0,0,400,0
1,0,http://m.p-y.tm/yw8,m.p-y.tm,1937,742,200,0
1,0,http://bluedart.in/?79033288806,bluedart.in,0,0,200,1
0,1,https://go.fyndi.ng/rbn,go.fyndi.ng,396567,366590,200,1
0,1,https://fb.com/l/2dUxiMyDNv0aRWQ,fb.com,77999,32756,200,0
0,1,https://go.ibi.bo/W1ad/IMGYgjaZuH,go.ibi.bo,0,0,-1,0
0,1,https://goo.gl/XniUir,goo.gl,0,0,400,0
1,0,https://goo.gl/AVNT5E,goo.gl,0,0,400,0
1,0,http://jio.com/r/Yy6O5gaT,jio.com,3312763,186555,200,0
1,0,http://jio.com/r/IVXT1H,jio.com,3312763,186555,200,0
1,0,http://jio.com/r/YtBRaDiw,jio.com,3312763,186555,200,0
1,0,http://m.p-y.tm/msm,m.p-y.tm,1937,742,200,0
0,1,https://telegram.org/dl,telegram.org,19558,2122,200,0
0,1,https://fb.com/l/9Ehllj2MJutL39,fb.com,77989,32749,200,0
0,1,https://fb.com/l/a3iXczSCSF1mY8,fb.com,78011,32751,200,0
1,0,http://olaca.bs/ZadoOrBWk5,olaca.bs,0,0,404,0
1,0,http://jio.com/r/YmoNImxt,jio.com,3312763,186555,200,0
0,1,https://fb.com/l/8NrDssOjBt1wIu,fb.com,78009,32746,200,0
1,0,http://jio.com/r/EdkTcq74,jio.com,3312763,186555,200,0
0,1,http://bit.ly/2uOaue8,bit.ly,137740,28069,200,1
0,1,https://fb.com/l/a1GFKUh3vFTUiC,fb.com,77993,32747,200,0
0,1,http://jio.com/r/xsXeF3Xz,jio.com,3312763,186555,200,0
0,1,https://goo.gl/6M4fE4,goo.gl,0,0,400,0
0,1,https://goo.gl/9VkDga,goo.gl,0,0,400,0
0,1,https://goo.gl/uUGQHj,goo.gl,0,0,400,0
0,1,https://web.zetaapps.in/,web.zetaapps.in,2676,306,200,0
0,1,http://jio.com/r/0qNNu5mY,jio.com,3312763,186555,200,0
1,0,https://www.jio.com/fup,www.jio.com,3312763,186555,200,0
0,1,https://goo.gl/HMsM9q,goo.gl,0,0,400,0
1,0,www.jio.com/Jio/portal/storeLocator,www.jio.com,3312763,186555,200,0
0,1,https://go.fyndi.ng/pfv,go.fyndi.ng,396567,366590,200,1
1,0,http://jio.com/r/XHZQalun,jio.com,3312763,186555,200,0
0,1,https://goo.gl/pm2UUp,goo.gl,0,0,400,0
1,0,http://fkrt.it/uzHYa!NNNN,fkrt.it,811665,256441,200,1
1,0,http://frch.in/OF,frch.in,0,0,404,0
0,1,https://fb.com/l/26SAllz7Beuf8af,fb.com,77996,32745,200,0
0,1,http://he1o.in/2hQhV8,he1o.in,0,0,-1,0
0,1,https://www.shop101.com/WatchJunction,www.shop101.com,89739,16390,200,0
1,0,http://jio.com/r/DqNdyi5a,jio.com,3312763,186555,200,0
1,0,http://m.p-y.tm/LT8,m.p-y.tm,1937,742,200,0
0,1,http://go-hike.in/a/2UtXialq,go-hike.in,0,0,-1,0
0,1,www.vodafone.in/z3,www.vodafone.in,0,0,-1,0
0,1,http://jio.com/r/Y5HGyKke,jio.com,3312763,186555,200,0
1,0,http://fkrt.it/Aid!7nuuuN,fkrt.it,811961,256577,200,1
0,1,www.cetking.com,www.cetking.com,150610,6657,200,0
1,0,http://amzn.in/0eJddte,amzn.in,809277,419110,200,1
0,1,https://goo.gl/iENu9A,goo.gl,0,0,400,0
0,1,http://bit.ly/2tm1pnh,bit.ly,137740,28069,200,1
0,1,http://jio.com/r/UUHhvjyz,jio.com,3312763,186555,200,0
0,1,http://bit.ly/sv125,bit.ly,137740,28069,200,1
0,1,https://goo.gl/EbGVCZ,goo.gl,0,0,400,0
1,0,http://fkrt.it/YZIkt!NNNN,fkrt.it,811615,256399,200,1
1,0,http://ekrt.it/QQDGV!NNNN,ekrt.it,0,0,-1,0
1,0,https://goo.gl/2JfeiH,goo.gl,0,0,400,0
1,1,www.jio.com/getmyjio,www.jio.com,3312763,186555,200,0
0,1,https://goo.gl/BX6Zi7,goo.gl,0,0,400,0
1,0,http://fkrt.it/UXlA3TuuuN,fkrt.it,0,0,500,0
1,0,http://msg.mn/1Akb85/ouo91hI,msg.mn,0,0,-1,0
1,0,www.pariksha.co,www.pariksha.co,241199,709,200,0
0,1,https://goo.gl/cF4S3e,goo.gl,0,0,400,0
1,0,https://goo.gl/KKW5k7,goo.gl,0,0,400,0
0,1,https://goo.gl/HVcyyM,goo.gl,0,0,400,0
1,0,http://fkrt.it/1uzV6!NNNN,fkrt.it,812856,256501,200,1
0,1,http://bit.ly/2giRIEi,bit.ly,137740,28069,200,1
1,0,http://jio.com/r/EwtxhHfd,jio.com,3312763,186555,200,0
0,1,https://goo.gl/eczJw3,goo.gl,0,0,400,0
1,0,http://jio.com/r/DubUZ9jb,jio.com,3312763,186555,200,0
1,0,http://amzn.in/iuedWue,amzn.in,840685,413302,200,1
1,0,http://amzn.in/h6ARIQz,amzn.in,849107,422903,200,1
0,1,http://empi.ac.in/empi/cat-answers-2017,empi.ac.in,510534,41296,200,1
1,0,www.vodafone.in/j3,www.vodafone.in,0,0,-1,0
1,0,https://www.jio.com/browse_plans?id=19,www.jio.com,3312763,186555,200,0
0,1,http://bit.ly/2vAhxH0,bit.ly,137740,28069,200,1
1,0,https://goo.gl/5azZ2a,goo.gl,0,0,400,0
0,1,http://jio.com/r/UeVOS1Xv,jio.com,3312763,186555,200,0
1,0,http://jio.com/r/BQyeaEWY,jio.com,3312763,186555,200,0
0,1,http://bit.ly/2cAW8lB,bit.ly,137740,28069,200,1
0,1,https://fb.com/l/1R4CXY55vxHc4Fl,fb.com,78007,32748,200,0
0,1,https://www.mygov.in/home/do/,www.mygov.in,249624,33678,200,0
1,0,http://amzn.in/0l2bfmo,amzn.in,831095,420058,200,1
0,1,https://goo.gl/eB4b5G,goo.gl,0,0,400,0
0,1,https://goo.gl/SUK3uN,goo.gl,0,0,400,0
1,0,http://mynt.to/ha5Ff,mynt.to,114,0,200,1
1,0,http://fkrt.it/XNmGZKNNNN,fkrt.it,812393,256349,200,1
0,1,https://goo.gl/e6LYuN,goo.gl,0,0,400,0
0,1,http://bit.ly/olausers1,bit.ly,137740,28069,200,1
1,0,https://www.jio.com/GetMyJio,www.jio.com,3312763,186555,200,0
1,0,http://fkrt.it/E0bVD!NNNN,fkrt.it,811789,256495,200,1
0,1,http://pmapp.nic.in/m.jsp?6984830759,pmapp.nic.in,0,0,-1,0
1,0,http://amzn.in/7TgThCN,amzn.in,816740,415326,200,1
1,0,http://amzn.in/3R00Oxs,amzn.in,820879,409497,200,1
1,0,http://amzn.in/01NqcLO,amzn.in,827056,415963,200,1
1,0,https://iimcat.ac.in/,iimcat.ac.in,1858,245,200,0
0,1,www.taxila.in,www.taxila.in,133309,26245,200,0
0,1,http://bit.ly/2eIsk5g,bit.ly,137740,28069,200,1
1,0,http://jio.com/r/DXP9tRxb,jio.com,3312763,186555,200,0
1,0,http://goo.gl/xuyxTc,goo.gl,0,0,400,0
0,1,http://go-hike.in/a/yYU9DVAz,go-hike.in,0,0,-1,0
0,1,https://goo.gl/ggc1PY,goo.gl,0,0,400,0
0,1,http://onnb.in/app,onnb.in,3763,1316,200,0
1,0,http://amzn.in/aZsGcTw,amzn.in,812431,404516,200,1
0,1,http://jio.com/r/MRa4PlS7,jio.com,3312763,186555,200,0
0,1,http://cetking.com/cet,cetking.com,150610,6657,200,0
1,0,http://m.p-y.tm/jd9,m.p-y.tm,1937,742,200,0
1,0,http://amzn.in/gkrkRBh,amzn.in,792551,403004,200,1
0,1,http://bit.ly/250mvs,bit.ly,137740,28069,200,1
0,1,https://go.fyndi.ng/pvs,go.fyndi.ng,396567,366590,200,1
0,1,http://bit.ly/Kotakm1,bit.ly,137740,28069,200,1
0,1,http://bit.ly/2cGOkP3,bit.ly,137740,28069,200,1
0,1,http://go.fyndi.ng/fyn,go.fyndi.ng,396567,366590,200,1
1,0,www.tsrtconline.in,www.tsrtconline.in,8025,60,200,0
0,1,http://jio.com/r/XLfTLtmW,jio.com,3312763,186555,200,0
0,1,https://goo.gl/Zu11UF,goo.gl,0,0,400,0
1,0,http://jio.com/r/Eosvhi9R,jio.com,3312763,186555,200,0
0,1,https://goo.gl/2Jh6Uk,goo.gl,0,0,400,0
0,1,https://goo.gl/2mndzk,goo.gl,0,0,400,0
1,0,http://ekrt.in/sUhuLTuuuN,ekrt.in,834073,272093,200,1
1,0,https://pmny.in/zIOLwMQmHu6r,pmny.in,0,0,200,0
0,1,https://goo.gl/1x3myi,goo.gl,0,0,400,0
0,1,http://jio.com/r/Kra5vcso,jio.com,3312763,186555,200,0
1,0,https://bmsurl.co/8fCnccwf,bmsurl.co,0,0,-1,0
0,1,http://go-hike.in/a/ioYDKhmG,go-hike.in,0,0,-1,0
0,1,https://go.fyndi.ng/suw,go.fyndi.ng,396567,366590,200,1
0,1,http://jio.com/r/GbSNOc6h,jio.com,3312763,186555,200,0
0,1,http://bit.ly/2vRkQWZ,bit.ly,137740,28069,200,1
0,1,http://p-y.tm/z23jPBnRG,p-y.tm,303336,98862,200,1
0,1,https://goo.gl/v4eVMR,goo.gl,0,0,400,0
1,1,www.jio.com,www.jio.com,3312763,186555,200,0
0,1,https://goo.gl/s9xUru,goo.gl,0,0,400,0
0,1,http://jio.com/r/Y3rysgM3,jio.com,3312763,186555,200,0
0,1,http://jio.com/r/DRqvZMz2,jio.com,3312763,186555,200,0
0,1,http://jio.com/r/W8r1Kpru,jio.com,3312763,186555,200,0
1,0,http://amzn.in/fcsRTss,amzn.in,766209,378569,200,1
0,1,https://goo.gl/zmTUu8,goo.gl,0,0,400,0
1,0,https://goo.gl/nywmra,goo.gl,0,0,400,0
0,1,http://go-hike.in/a/sm0E0020,go-hike.in,0,0,-1,0
0,1,http://chk.bz/9f8peupnaf,chk.bz,0,0,-1,0
0,1,https://goo.gl/qaUa5R,goo.gl,0,0,400,0
0,1,http://ccdapp.in,ccdapp.in,0,0,-1,0
1,0,http://jio.com/r/ENrVpeF2,jio.com,3312763,186555,200,0
1,0,http://m.p-y.tm/yw12,m.p-y.tm,1937,742,200,0
0,1,https://goo.gl/cLR6Ku,goo.gl,0,0,400,0
0,1,https://goo.gl/xkUroF,goo.gl,0,0,400,0
1,0,http://amzn.in/iFUcbf9,amzn.in,850015,422274,200,1
1,0,http://jio.com/r/EASRS4ID,jio.com,3312763,186555,200,0
1,0,http://jio.com/r/XQgXCA48,jio.com,3312763,186555,200,0
0,1,https://goo.gl/v4s7F5,goo.gl,0,0,400,0
0,1,https://goo.gl/8LRi23,goo.gl,0,0,400,0
0,1,www.athenaschoolofmanagement.com/i,www.athenaschoolofmanagement.com,76459,10663,200,0
0,1,https://goo.gl/YRqjBU,goo.gl,0,0,400,0
0,1,https://goo.gl/ST2ocs,goo.gl,0,0,400,0
0,1,https://goo.gl/3Ch4X4,goo.gl,0,0,400,0
0,1,http://bit.ly/2zRaJn9,bit.ly,137740,28069,200,1
0,1,https://goo.gl/gxSxWb,goo.gl,0,0,400,0
1,0,http://pmny.in/FI6L8HEhtoCj,pmny.in,0,0,200,0
1,0,http://m.onelink.me/83621956,m.onelink.me,0,0,502,0
1,1,https://web.umang.gov.in/uaw/i/v/ref,web.umang.gov.in,478910,65401,200,1
0,1,https://goo.gl/KaK9jU,goo.gl,0,0,400,0
0,1,http://jio.com/r/SU7fQB07,jio.com,3312763,186555,200,0
0,1,https://www.shop101.com/WatchJunction?1c3ll,www.shop101.com,89739,16390,200,0
0,1,https://goo.gl/fmhbBw,goo.gl,0,0,400,0
1,0,www.bluedart.com,www.bluedart.com,429519,118482,200,0
1,0,http://amzn.in/6VTnfAI,amzn.in,811062,406005,200,1
0,1,https://fb.com/l/215cnszHSzjnOFq,fb.com,77975,32750,200,0
0,1,https://goo.gl/aDYGuA,goo.gl,0,0,400,0
1,0,http://jio.com/r/Jq5BVk,jio.com,3312763,186555,200,0
0,1,http://jio.com/r/Uiil0ddY,jio.com,3312763,186555,200,0
1,0,http://amzn.in/aNt4D8u,amzn.in,832952,423367,200,1
1,0,http://amzn.in/6XHk2ui,amzn.in,832214,422375,200,1
0,1,http://jio.com/r/EntnmV0c,jio.com,3312763,186555,200,0
1,0,http://msg.mn/mssDlo/wqwzj6N.?,msg.mn,0,0,-1,0
0,1,http://jio.com/r/J7Q263Xv,jio.com,3312763,186555,200,0
0,1,http://go-hike.in/a/GqYeA1m1,go-hike.in,0,0,-1,0
0,1,http://smsd.in/jl7aqAE6,smsd.in,0,0,200,1
0,1,http://bit.ly/Kotakm4,bit.ly,137740,28069,200,1
0,1,http://go-hike.in/a/1j7dTqmO,go-hike.in,0,0,-1,0
1,0,http://jio.com/r/DYpXLgSC,jio.com,3312763,186555,200,0
0,1,http://jio.com/r/XhmgKyow,jio.com,3312763,186555,200,0
0,1,https://fb.com/l/9zsh5UloQEq13T,fb.com,77966,32745,200,0
0,1,https://goo.gl/CZJcqP,goo.gl,0,0,400,0
1,0,www.abhibus.com,www.abhibus.com,0,0,200,0
1,0,https://lnkd.in/eM7HnmP,lnkd.in,142593,5253,200,0
1,0,http://piza.store/di/30880848407036777.Png,piza.store,0,0,-1,0
0,1,http://bit.ly/2v4WgCo,bit.ly,137740,28069,200,1
0,1,https://fb.com/l/2eJDAGXDwZJYCeK,fb.com,78021,32749,200,0
0,1,http://bit.ly/2fJpt24,bit.ly,137740,28069,200,1
0,1,https://goo.gl/T85pGJ,goo.gl,0,0,400,0
1,0,http://jio.com/r/EkyVUPEs,jio.com,3312763,186555,200,0
1,0,www.compuindia.com,www.compuindia.com,0,0,-1,0
1,0,http://fkrt.it/PMHEfTuuuN,fkrt.it,812374,256386,200,1
0,1,https://goo.gl/2MYwaz,goo.gl,0,0,400,0
1,0,http://m.p-y.tm/D60,m.p-y.tm,1937,742,200,0
0,1,http://piza.io/i/a.asp?i=108688978407036777,piza.io,114,0,200,1
0,1,http://bit.ly/29ajj3B,bit.ly,137740,28069,200,1
0,1,https://goo.gl/1gzm7y,goo.gl,0,0,400,0
0,1,https://goo.gl/VUChvB,goo.gl,0,0,400,0
0,1,https://goo.gl/ZuGh7o,goo.gl,0,0,400,0
0,1,http://y.smrtlnk.in/ful2Kg0H,y.smrtlnk.in,0,0,-1,0
1,0,http://jio.com/r/WRv7dYo5,jio.com,3312763,186555,200,0
1,0,http://m.onelink.me/53176eff,m.onelink.me,0,0,502,0
0,1,http://go-hike.in/a/prKWOnpv,go-hike.in,0,0,-1,0
1,0,http://m.p-y.tm/AEG,m.p-y.tm,1937,742,200,0
0,1,https://goo.gl/8nfUm6,goo.gl,0,0,400,0
1,0,http://amzn.in/6twkxj9,amzn.in,817132,408939,200,1
0,1,https://goo.gl/5rEQjT,goo.gl,0,0,400,0
1,0,http://ty.vfap.co/1zg25nnv,ty.vfap.co,0,0,-1,0
1,0,https://goo.gl/AUgAVq,goo.gl,0,0,400,0
1,0,http://fkrt.it/3j7SI!NNNN,fkrt.it,811849,255531,200,1
0,1,http://bit.ly/2u0zCKz,bit.ly,137740,28069,200,1
1,0,http://www.cyberswachhtakendra.gov.in,www.cyberswachhtakendra.gov.in,14467,3345,200,0
0,1,http://jio.com/r/LamwZGkI,jio.com,3312763,186555,200,0
0,1,http://jio.com/r/0cmqraPj?,jio.com,3312763,186555,200,0
1,0,http://jio.com/r/ELTklKhD,jio.com,3312763,186555,200,0
0,1,https://goo.gl/fQecr5,goo.gl,0,0,400,0
0,1,http://jio.com/r/ZyoiGtzM,jio.com,3312763,186555,200,0
0,1,http://bit.ly/1IONMOQ,bit.ly,137740,28069,200,1
1,0,http://goo.gl/gbFbJK,goo.gl,0,0,400,0
0,1,http://jio.com/r/Y5HGmIGK,jio.com,3312763,186555,200,0
1,0,https://goo.gl/yBxzA5,goo.gl,0,0,400,0
1,0,http://frch.in/BMS,frch.in,0,0,404,0
0,1,https://goo.gl/xecDjz,goo.gl,0,0,400,0
0,1,https://goo.gl/PpYpMH,goo.gl,0,0,400,0
1,0,http://ekrt.in/EMeMz!NNNN,ekrt.in,811345,256363,200,1
1,0,http://amzn.in/19PPzca,amzn.in,802837,411680,200,1
1,0,https://bmsurl.co/KolqoCEW,bmsurl.co,0,0,-1,0
0,1,https://goo.gl/PL3bno,goo.gl,0,0,400,0
1,0,http://fkrt.it/bOoYE!NNNN,fkrt.it,0,0,500,0
1,0,http://jio.com/r/DJFajafN,jio.com,3312763,186555,200,0
1,0,http://amzn.in/hio1alr,amzn.in,819956,410821,200,1
0,1,https://mpokket.app.link/aZsa6SuS7J,mpokket.app.link,199835,107069,200,1
0,1,https://goo.gl/4Heehc,goo.gl,0,0,400,0
0,1,http://go-hike.in/a/8XRiGCA1,go-hike.in,0,0,-1,0
0,1,http://jio.com/r/xq3ZrhBo,jio.com,3312763,186555,200,0
0,1,https://t.co/bzrexAQErK,t.co,3367,337,200,0
1,0,http://clk.im/Z3Ya,clk.im,0,0,-1,0
1,0,http://fkrt.it/ywoPj!NNNN,fkrt.it,811740,256379,200,1
0,1,https://goo.gl/NQH2uC,goo.gl,0,0,400,0
1,0,http://jio.com/r/Xa175Sj2,jio.com,3312763,186555,200,0
0,1,http://go-hike.in/a/Vxyucxdm,go-hike.in,0,0,-1,0
0,1,http://go-hike.in/a/Kd89r9AT,go-hike.in,0,0,-1,0
0,1,http://msg.mn/hNIs_n/ouo91hI,msg.mn,0,0,-1,0
1,0,https://goo.gl/XzQfMT,goo.gl,0,0,400,0
0,1,http://bit.ly/2uzEny9,bit.ly,137740,28069,200,1
0,1,http://go-hike.in/a/KuGX2LT0,go-hike.in,0,0,-1,0
1,0,http://jio.com/r/Dm2SKMpf,jio.com,3312763,186555,200,0
0,1,https://goo.gl/gW382z,goo.gl,0,0,400,0
1,0,http://amzn.in/h2UK2hB,amzn.in,843910,416709,200,1
1,0,https://goo.gl/852cN5,goo.gl,0,0,400,0
0,1,http://jio.com/r/MUv5Dddi,jio.com,3312763,186555,200,0
0,1,http://sz.hurraay.com/BsNl/bM/vd_v.jsp?p=sui1499411135kL,sz.hurraay.com,1182,433,200,0
1,0,http://jio.com/r/ENrVpds2,jio.com,3312763,186555,200,0
0,1,https://goo.gl/bpqZPK,goo.gl,0,0,400,0
0,1,http://bit.ly/k-811,bit.ly,137740,28069,200,1
0,1,http://Cetking.com/cet90,Cetking.com,150610,6657,200,0
0,1,https://goo.gl/mw7UHd,goo.gl,0,0,400,0
0,1,http://jio.com/r/WVN14SoZ,jio.com,3312763,186555,200,0
1,0,http://amzn.in/dwXrmgh,amzn.in,831443,410855,200,1
1,0,www.camsonline.com/dnldresult.asp?fname=Ls0vijden404332.pdf,www.camsonline.com,140925,2132,200,0
1,0,http://jio.com/r/D64tuByW,jio.com,3312763,186555,200,0
0,1,https://goo.gl/rLYgNY,goo.gl,0,0,400,0
1,0,http://jio.com/r/XYGmpu4z,jio.com,3312763,186555,200,0
1,0,www.allahabadbank.in,www.allahabadbank.in,0,0,-1,0
1,0,https://www.oyorooms.com/guest-policy,www.oyorooms.com,140479,86736,200,0
0,1,https://go.fyndi.ng/qef,go.fyndi.ng,396567,366590,200,1
1,0,http://fkrt.it/4!XrJnuuuN,fkrt.it,812917,256584,200,1
0,1,https://goo.gl/CRi9Qk,goo.gl,0,0,400,0
1,0,https://aka.ms/ay?s=2&c=cb85f670-a0f4-0000-0006-89cbf4a0d301,aka.ms,0,0,200,0
1,0,http://jbo.ng/Wg65k7h,jbo.ng,0,0,-1,0
0,1,http://go-hike.in/a/a5kv3I2I,go-hike.in,0,0,-1,0
0,1,http://jio.com/r/FLumEqOx,jio.com,3312763,186555,200,0
0,1,https://goo.gl/VVW4tc,goo.gl,0,0,400,0
1,0,https://goo.gl/xmo78G,goo.gl,0,0,400,0
0,1,https://goo.gl/E3tUFe,goo.gl,0,0,400,0
0,1,http://jio.com/r/0qmWViGq,jio.com,3312763,186555,200,0
1,0,https://frch.in/P50,frch.in,0,0,404,0
0,1,https://goo.gl/2225Wb,goo.gl,0,0,400,0
0,1,https://go.fyndi.ng/jmj,go.fyndi.ng,396567,366590,200,1
0,1,https://goo.gl/nhCECS,goo.gl,0,0,400,0
1,0,https://sachet.rbi.org.in/Complaints/Add,sachet.rbi.org.in,62799,9898,200,0
0,1,http://www.prep.youth4work.com/MyReport,www.prep.youth4work.com,269393,68417,200,0
0,1,https://fb.com/l/8eg2MSzStxC5yb,fb.com,77990,32749,200,0
1,0,http://m.p-y.tm/WD2,m.p-y.tm,1937,742,200,0
0,1,https://goo.gl/aHfZEM,goo.gl,0,0,400,0
0,1,https://goo.gl/u5avGx,goo.gl,0,0,400,0
0,1,https://goo.gl/n9cNuc,goo.gl,0,0,400,0
0,1,http://jio.com/r/XMB8DeO0,jio.com,3312763,186555,200,0
0,1,http://bit.ly/125MVS,bit.ly,137740,28069,200,1
1,0,https://goo.gl/nANfps,goo.gl,0,0,400,0
1,0,http://jio.com/r/DeklLDLZ,jio.com,3312763,186555,200,0
0,1,https://goo.gl/Wma4LJ,goo.gl,0,0,400,0
0,1,http://fwld.in/tech,fwld.in,573618,250533,200,0
0,1,https://goo.gl/MG8n6j,goo.gl,0,0,400,0
1,0,http://amzn.in/0CRZqxf,amzn.in,815900,416068,200,1
0,1,http://jio.com/r/KkmoTUQ8,jio.com,3312763,186555,200,0
1,0,http://d11.io/dkPue4,d11.io,0,0,-1,0
0,1,http://bit.ly/2ag8jEx,bit.ly,137740,28069,200,1
1,0,http://ekrt.it/p1K17TuuuN,ekrt.it,0,0,-1,0
0,1,https://goo.gl/iJJTBA,goo.gl,0,0,400,0
0,1,https://goo.gl/YoxW2I,goo.gl,0,0,400,0
1,0,http://amzn.in/gyn2Rjg,amzn.in,831080,423036,200,1
1,0,http://amzn.in/hJOxlyH,amzn.in,834836,411356,200,1
1,1,https://goo.gl/TkNEbu,goo.gl,0,0,400,0
1,0,https://appln.tiss.edu/,appln.tiss.edu,0,0,-1,0
1,1,https://www.Jio.com/GetMyJio,www.Jio.com,3312763,186555,200,0
1,0,https://www.camsonline.com/InvestorServices/COL_InvestorDataCorrection.aspx?iGL45CVyE%2fH3CIP4J5davIv0bqGNwZHv%2bXYt4CnVcPoJivI%2f6pHASs6pm63ALULytowd52qS9WJSbpoccyQ2T0gjMokcPAspsdfCPZf67iBN3zLRRrpDkvsrkcLF6rJp,www.camsonline.com,140925,2132,200,0
0,1,http://jio.com/r/EA1QvqpY,jio.com,3312763,186555,200,0
1,0,http://msg.mn/HK4QkS/ouo91hI,msg.mn,0,0,-1,0
0,1,http://bit.ly/2vLJgSa,bit.ly,137740,28069,200,1
0,1,http://jio.com/r/K4Ka04hJ,jio.com,3312763,186555,200,0
1,0,http://amzn.in/30eQetV,amzn.in,824110,415612,200,1
0,1,https://go.ibi.bo/W1ad/KhRFv37jaI,go.ibi.bo,0,0,-1,0
1,0,http://fkrt.it/SA8koTuuuN,fkrt.it,813264,256652,200,1
1,0,http://jio.com/r/ErvUx1Qa,jio.com,3312763,186555,200,0
0,1,https://goo.gl/iZU4MV,goo.gl,0,0,400,0
0,1,https://goo.gl/gkzNdH,goo.gl,0,0,400,0
0,1,http://get.hike.in,get.hike.in,94328,8255,200,0
1,0,http://fkrt.it/mfH3c!NNNN,fkrt.it,812514,256474,200,1
1,0,http://msg.mn/jFf5l1/ouo91hI,msg.mn,0,0,-1,0
0,1,http://jio.com/r/Ux5XEM6t,jio.com,3312763,186555,200,0
0,1,https://www.shop101.com/WatchJunction?s-9,www.shop101.com,89739,16390,200,0
0,1,http://hike.in,hike.in,94328,8255,200,0
0,1,https://goo.gl/YaeDHT,goo.gl,0,0,400,0
1,0,https://pmny.in/KIxLdMlmjuCu,pmny.in,0,0,200,0
1,0,http://m.p-y.tm/big2311,m.p-y.tm,1937,742,200,0
1,0,http://amzn.in/2kpwVp4,amzn.in,821479,412040,200,1
0,1,https://goo.gl/mziXkb,goo.gl,0,0,400,0
0,1,https://g.co/tez/4458W,g.co,2190,303,200,0
1,0,http://jio.com/r/Eosvhfng,jio.com,3312763,186555,200,0
1,0,http://fkrt.it/OlU5s!NNNN,fkrt.it,812529,256459,200,1
1,0,http://amzn.in/eG4f9Ww,amzn.in,820996,420836,200,1
1,0,http://jio.com/r/F3JlV2zP,jio.com,3312763,186555,200,0
0,1,http://jio.com/r/KqbZmtRZ,jio.com,3312763,186555,200,0
0,1,https://goo.gl/Lu9aor,goo.gl,0,0,400,0
0,1,http://chk.bz/9f8peupnnc,chk.bz,0,0,-1,0
0,1,www.wooe.in,www.wooe.in,0,0,-1,0
0,1,https://goo.gl/vqhLrR,goo.gl,0,0,400,0
1,0,http://jio.com/r/DB6uoXKo,jio.com,3312763,186555,200,0
1,0,http://phon.pe/1cf8v6ht,phon.pe,674280,42574,200,0
1,0,http://amzn.in/5TcgM2r,amzn.in,782538,399069,200,1
0,1,https://go.ibi.bo/W1ad/mFFxllEs1G,go.ibi.bo,0,0,-1,0
0,1,http://jio.com/r/OTh9LMIu,jio.com,3312763,186555,200,0
0,1,http://bit.ly/2xR7gUm,bit.ly,137740,28069,200,1
0,1,www.iimcat.ac.in,www.iimcat.ac.in,0,0,-1,0
1,0,https://www.olx.in/myaccount/,www.olx.in,577589,257600,200,1
0,1,http://jio.com/r/K5M1ei1X,jio.com,3312763,186555,200,0
1,0,http://pytm.ml/ahp,pytm.ml,0,0,-1,0
0,1,http://msg.mn/5IyFbG,msg.mn,0,0,-1,0
0,1,http://jio.com/r/FZPwOSun,jio.com,3312763,186555,200,0
0,1,https://goo.gl/4nSRkt,goo.gl,0,0,400,0
0,1,www.vodafone.in/h8,www.vodafone.in,0,0,-1,0
0,1,https://goo.gl/E1Reh7,goo.gl,0,0,400,0
0,1,http://jio.com/r/XqPGv4RP,jio.com,3312763,186555,200,0
0,1,http://jio.com/r/LalATKlc,jio.com,3312763,186555,200,0
0,1,https://fb.com/l/1WvNaz1YjMZspm3,fb.com,78015,32747,200,0
0,1,http://jio.com/r/UyU9njtZ,jio.com,3312763,186555,200,0
0,1,https://goo.gl/XU5xpk,goo.gl,0,0,400,0
0,1,http://jio.com/r/K2VQI8F1,jio.com,3312763,186555,200,0
1,0,https://goo.gl/H1Msi6,goo.gl,0,0,400,0
0,1,http://jio.com/r/OTiawLEU,jio.com,3312763,186555,200,0
0,1,https://goo.gl/i6epSW,goo.gl,0,0,400,0
1,0,https://goo.gl/74enG,goo.gl,0,0,400,0
0,1,https://goo.gl/kbVDan,goo.gl,0,0,400,0
1,0,http://jio.com/r/Ea20IhXD,jio.com,3312763,186555,200,0
1,0,https://goo.gl/Sgqxcr,goo.gl,0,0,400,0
0,1,http://jio.com/r/DH8J9ZvM,jio.com,3312763,186555,200,0
1,0,https://paytm.com/care,paytm.com,303336,98862,200,1
1,0,http://ekrt.it/PE6AAuuuuN,ekrt.it,0,0,-1,0
1,0,http://fkrt.it/ar4jMTuuuN,fkrt.it,812631,256340,200,1
1,1,www.Jio.com/GetMyJio,www.Jio.com,3312763,186555,200,0
0,1,https://goo.gl/xtKTcW,goo.gl,0,0,400,0
0,1,http://jio.com/r/xnyvLPd6,jio.com,3312763,186555,200,0
1,0,https://bit.ly/2aL9onE,bit.ly,137740,28069,200,1
0,1,http://bit.ly/2aBx0fY,bit.ly,137740,28069,200,1
0,1,http://bit.ly/150TZH,bit.ly,137740,28069,200,1
1,0,http://amzn.in/giIkyAs,amzn.in,799929,418257,200,1
1,0,http://jio.com/r/DB6uoSWT,jio.com,3312763,186555,200,0
0,1,www.vodafone.in/ch5,www.vodafone.in,0,0,-1,0
0,1,https://goo.gl/w2Fipy,goo.gl,0,0,400,0
0,1,https://go.fyndi.ng/mvp,go.fyndi.ng,396567,366590,200,1
1,0,http://jio.com/r/DNi14oeR,jio.com,3312763,186555,200,0
1,0,http://m.p-y.tm/yw2,m.p-y.tm,1937,742,200,0
0,1,https://goo.gl/RnkwG6,goo.gl,0,0,400,0
1,0,http://ekrt.in/FW81vTuuuN,ekrt.in,811823,256488,200,1
0,1,https://go.fyndi.ng/bgs,go.fyndi.ng,396567,366590,200,1
0,1,https://go.fyndi.ng/nem,go.fyndi.ng,396567,366590,200,1
1,0,http://amzn.in/2sJffk6,amzn.in,820028,410526,200,1
0,1,http://chk.bz/7ffzpmedfk,chk.bz,0,0,-1,0
1,0,http://jio.com/r/EHyDtADj,jio.com,3312763,186555,200,0
0,1,http://m.p-y.tm/ptmjio,m.p-y.tm,1937,742,200,0
0,1,https://goo.gl/8t1LWE,goo.gl,0,0,400,0
0,1,www.bmu.edu.in/18001036888,www.bmu.edu.in,238613,19298,200,0
0,1,https://t.co/iNEQzggWCi,t.co,3367,337,200,0
0,1,http://amzn.in/8Pad7Wt,amzn.in,784211,389295,200,1
1,0,http://jio.com/r/X40MFizZ,jio.com,3312763,186555,200,0
1,0,http://tiny.jio.com/TrackBalance,tiny.jio.com,1764,116,200,0
0,1,https://fb.com/l/1JVRlM8camtdtxS,fb.com,78007,32746,200,0
0,1,https://go.fyndi.ng/bgd,go.fyndi.ng,396567,366590,200,1
0,1,http://jio.com/r/xSxsqJGR,jio.com,3312763,186555,200,0
0,1,http://onelink.to/hpqztr,onelink.to,301512,2369,200,0
1,0,http://m.p-y.tm/bu43,m.p-y.tm,1937,742,200,0
0,1,http://jio.com/r/W3OMtoCI,jio.com,3312763,186555,200,0
1,0,http://jio.com/r/DNQDedFc,jio.com,3312763,186555,200,0
1,0,www.goo.gl/DaWabM,www.goo.gl,0,0,404,0
0,1,http://go-hike.in/a/C72bla37,go-hike.in,0,0,-1,0
0,1,https://goo.gl/R6HypL,goo.gl,0,0,400,0
1,0,https://a.p-y.tm/s2lcjp5t57kl27e,a.p-y.tm,0,0,-1,0
0,1,http://jio.com/r/LSPOh7py,jio.com,3312763,186555,200,0
0,1,https://go.fyndi.ng/fnd,go.fyndi.ng,396567,366590,200,1
0,1,https://goo.gl/N7Dycn,goo.gl,0,0,400,0
1,0,http://jio.com/r/ELTklNFt,jio.com,3312763,186555,200,0
0,1,https://fb.com/l/2dWq0Z6lW07ZZxm,fb.com,78010,32751,200,0
0,1,http://jio.com/r/KSUO1IGg,jio.com,3312763,186555,200,0
0,1,http://go.fyndi.ng/rne10,go.fyndi.ng,396567,366590,200,1
1,0,http://m.p-y.tm/prf,m.p-y.tm,1937,742,200,0
1,0,http://bit.ly/2akxatD,bit.ly,137740,28069,200,1
1,0,https://pledge.cvc.nic.in/,pledge.cvc.nic.in,8894,4415,200,0
0,1,http://jio.com/r/xTtqWzq8,jio.com,3312763,186555,200,0
0,1,http://cetking.com/product/cetturbo/,cetking.com,150610,6657,200,0
0,1,http://smsd.in/ljS6Rica,smsd.in,0,0,200,1
0,1,http://imocall.com/,imocall.com,0,0,-1,0
1,0,http://bit.ly/29KWJUo,bit.ly,137740,28069,200,1
0,1,http://bit.ly/2gAX6jr,bit.ly,137740,28069,200,1
1,1,www.placement101.com,www.placement101.com,0,0,-1,0
0,1,https://goo.gl/aHYiTu,goo.gl,0,0,400,0
1,0,http://jio.com/r/DNi14jqe,jio.com,3312763,186555,200,0
0,1,https://goo.gl/GMpXig,goo.gl,0,0,400,0
0,1,https://goo.gl/4My1fb,goo.gl,0,0,400,0
0,1,www.ecatering.irctc.co.in,www.ecatering.irctc.co.in,150465,92178,200,1
0,1,https://goo.gl/SkjrTS,goo.gl,0,0,400,0
0,1,https://goo.gl/vjFy1V,goo.gl,0,0,400,0
0,1,https://fb.com/l/2ghytAUPnV7xnYx,fb.com,78000,32752,200,0
0,1,https://phon.pe/busbook180221,phon.pe,674280,42574,200,0
0,1,http://jio.com/r/xxnQSPmA,jio.com,3312763,186555,200,0
0,1,https://goo.gl/txfbH2,goo.gl,0,0,400,0
0,1,http://go-hike.in/a/SIP8zon0,go-hike.in,0,0,-1,0
0,1,https://soilpgdm.formistry.com/,soilpgdm.formistry.com,0,0,-1,0
0,1,http://sz.hurraay.com/BsNl/bM/vd_v.jsp?p=sur1499411135aL,sz.hurraay.com,1182,433,200,0
1,0,http://amzn.in/dspPIro,amzn.in,821962,420431,200,1
0,1,http://jio.com/r/0bIUx2BC?,jio.com,3312763,186555,200,0
0,1,http://jio.com/r/YsMXjWaK,jio.com,3312763,186555,200,0
0,1,http://sz.hurraay.com/BsNl/bM/vd_v.jsp?p=hkk14994111352L,sz.hurraay.com,1182,433,200,0
1,1,www.yonosbi.com,www.yonosbi.com,0,0,-1,0
0,1,http://jio.com/r/XLVRV9pB,jio.com,3312763,186555,200,0
0,1,www.lenskart.com/fff2,www.lenskart.com,230077,159266,200,1
0,1,https://onnb.in/app,onnb.in,3763,1316,200,0
0,1,http://m.mydelights.in/pr/16,m.mydelights.in,0,0,-1,0
0,1,https://goo.gl/rJqb28,goo.gl,0,0,400,0
1,0,http://ekrt.in/tqCem!NNNN,ekrt.in,811652,256444,200,1
0,1,http://jio.com/r/LkAxELnL,jio.com,3312763,186555,200,0
0,1,www.gs.im/m/?t=WgdwOzjjOiG,www.gs.im,0,0,404,0
1,0,http://jio.com/r/D64tuJNZ,jio.com,3312763,186555,200,0
0,1,https://go.fyndi.ng/acm,go.fyndi.ng,396567,366590,200,1
0,1,https://goo.gl/j2yzCo,goo.gl,0,0,400,0
0,1,https://goo.gl/vgUBCW,goo.gl,0,0,400,0
1,0,https://goo.gl/UuZVLi,goo.gl,0,0,400,0
1,0,https://frch.in/wb,frch.in,0,0,404,0
0,1,http://bit.ly/B2tixJT,bit.ly,137740,28069,200,1
0,1,http://jio.com/r/XGlHKAzl,jio.com,3312763,186555,200,0
0,1,https://goo.gl/o94t4C,goo.gl,0,0,400,0
1,0,http://fkrt.it/0DEDr!NNNN,fkrt.it,811481,256508,200,1
1,0,http://amzn.in/acKAOCf,amzn.in,831618,420744,200,1
0,1,http://jio.com/r/KYc4ErhB,jio.com,3312763,186555,200,0
1,0,https://goo.gl/jMvmeB,goo.gl,0,0,400,0
0,1,https://go.fyndi.ng/g60,go.fyndi.ng,396567,366590,200,1
0,1,https://t.co/tos,t.co,3367,337,200,0
0,1,http://go.fyndi.ng/wlfc,go.fyndi.ng,396567,366590,200,1
0,1,http://jio.com/r/YW672iZt,jio.com,3312763,186555,200,0
0,1,https://goo.gl/jCBLe4,goo.gl,0,0,400,0
1,0,http://bit.ly/2lR3DXQ,bit.ly,137740,28069,200,1
0,1,https://goo.gl/F1V4M8,goo.gl,0,0,400,0
1,0,http://jio.com/r/DDnLXajW,jio.com,3312763,186555,200,0
1,0,http://jio.com/r/BU1As2Hf,jio.com,3312763,186555,200,0
1,0,http://frch.in/pay,frch.in,0,0,404,0
0,1,https://goo.gl/KAQ55r,goo.gl,0,0,400,0
0,1,https://goo.gl/c5kK2k,goo.gl,0,0,400,0
1,0,https://phon.pe/bank_accounts,phon.pe,674280,42574,200,0
0,1,https://goo.gl/aqBBph,goo.gl,0,0,400,0
0,1,http://jio.com/r/SMDaWEuN,jio.com,3312763,186555,200,0
1,0,http://jio.com/r/EOTHQI2w,jio.com,3312763,186555,200,0
0,1,https://goo.gl/Y8d1bj,goo.gl,0,0,400,0
0,1,https://mpokket.app.link/0UGaruRucK,mpokket.app.link,199835,107069,200,1
0,1,https://goo.gl/MgXDG2,goo.gl,0,0,400,0
0,1,http://bit.ly/2vVblG0,bit.ly,137740,28069,200,1
0,1,https://goo.gl/XkiqXv,goo.gl,0,0,400,0
0,1,https://goo.gl/29RASD,goo.gl,0,0,400,0
0,1,http://go-hike.in/a/_TITlyQw,go-hike.in,0,0,-1,0
1,0,https://amazon.in/orders,amazon.in,830148,420386,200,1
1,0,http://applinks.makemytrip.com/SMsf/YxdpPCsXHz,applinks.makemytrip.com,0,0,-1,0
1,0,https://bmsurl.co/gq8fux9z,bmsurl.co,0,0,-1,0
0,1,https://go.fyndi.ng/dmij,go.fyndi.ng,396567,366590,200,1
0,1,http://bit.ly/2nUn8Fr,bit.ly,137740,28069,200,1
0,1,https://go.fyndi.ng/sts,go.fyndi.ng,396567,366590,200,1
1,0,https://goo.gl/TAKrZ6,goo.gl,0,0,400,0
1,0,www.flipkart.com,www.flipkart.com,811702,256443,200,1
0,1,https://goo.gl/5YhAJr,goo.gl,0,0,400,0
0,1,http://smsd.in/lqKozxQE,smsd.in,0,0,200,1
1,0,http://m.p-y.tm/yw5,m.p-y.tm,1937,742,200,0
0,1,https://goo.gl/viK4ef,goo.gl,0,0,400,0
0,1,http://jio.com/r/LRLc93go,jio.com,3312763,186555,200,0
0,1,http://jio.com/r/MBxnJAnu,jio.com,3312763,186555,200,0
0,1,https://goo.gl/LYDLft,goo.gl,0,0,400,0
0,1,http://bit.ly/2h5V8rT,bit.ly,137740,28069,200,1
0,1,http://he1o.in/9BP0Y1,he1o.in,0,0,-1,0
1,0,http://jio.com/r/Dy7mWKvf,jio.com,3312763,186555,200,0
0,1,http://get.haptik.ai/now,get.haptik.ai,0,0,-1,0
1,0,http://jio.com/r/DTKczjwM,jio.com,3312763,186555,200,0
1,0,http://jio.com/r/Dad7eilS,jio.com,3312763,186555,200,0
0,1,https://goo.gl/bmTQyN,goo.gl,0,0,400,0
0,1,http://jio.com/r/Eu0PIYdF,jio.com,3312763,186555,200,0
0,1,http://jio.com/r/X0nwlHz6,jio.com,3312763,186555,200,0
0,1,https://goo.gl/w3dbAp,goo.gl,0,0,400,0
0,1,http://jio.com/r/MZNqawi2,jio.com,3312763,186555,200,0
0,1,http://jio.com/r/W02izDsL,jio.com,3312763,186555,200,0
1,0,www.shriramgi.com,www.shriramgi.com,101657,9621,200,0
1,0,http://jio.com/r/DqNdyiCI,jio.com,3312763,186555,200,0
0,1,http://jio.com/r/0cmqvfyw?,jio.com,3312763,186555,200,0
0,1,https://go.fyndi.ng/bsd,go.fyndi.ng,396567,366590,200,1
0,1,https://goo.gl/PEi6bX,goo.gl,0,0,400,0
1,0,http://amzn.in/9BKlQv0,amzn.in,839410,411657,200,1
0,1,https://goo.gl/fqjo8S,goo.gl,0,0,400,0
0,1,https://goo.gl/aJWobh,goo.gl,0,0,400,0
0,1,http://m.p-y.tm/add10,m.p-y.tm,1937,742,200,0
0,1,http://jio.com/r/LT1AUiDFto,jio.com,3312763,186555,200,0
0,1,http://go-hike.in/a/1IjDjhpy,go-hike.in,0,0,-1,0
1,0,https://goo.gl/tZa9t9,goo.gl,0,0,400,0
1,0,http://vls.bz/Oyzs2tWt77Y,vls.bz,0,0,-1,0
1,0,https://goo.gl/6PyX1J,goo.gl,0,0,400,0
0,1,http://m.onelink.me/77c82b38,m.onelink.me,0,0,502,0
0,1,http://jio.com/r/HvW2cL7P,jio.com,3312763,186555,200,0
0,1,http://bit.ly/125SAVE,bit.ly,137740,28069,200,1
1,0,http://myims.imsindia.com/guarantee/,myims.imsindia.com,0,0,-1,0
0,1,http://bit.ly/2jmMMgr,bit.ly,137740,28069,200,1
0,1,http://bit.ly/Double-Benefit,bit.ly,137740,28069,200,1
0,1,https://goo.gl/RFKcDH,goo.gl,0,0,400,0
1,0,http://jio.com/r/DTKcy3XU,jio.com,3312763,186555,200,0
1,0,http://jio.com/r/EkyVUMg1,jio.com,3312763,186555,200,0
0,1,https://goo.gl/CoMVZZ,goo.gl,0,0,400,0
0,1,http://bit.ly/2oKs2AF/18001036888,bit.ly,137740,28069,200,1
0,1,http://sz.hurraay.com/BsNl/bM/vd_v.jsp?p=bsp1499411135eL,sz.hurraay.com,1182,433,200,0
0,1,http://jio.com/r/XAraBgmJ,jio.com,3312763,186555,200,0
1,0,http://jio.com/r/XgEvc7uP,jio.com,3312763,186555,200,0
0,1,https://go.fyndi.ng/UYB,go.fyndi.ng,396567,366590,200,1
0,1,https://fb.com/l/1KvfSYMg8PDoQue,fb.com,78011,32746,200,0
1,0,http://m.p-y.tm/SUN,m.p-y.tm,1937,742,200,0
0,1,https://t.co/fN6uFu8hw1,t.co,3367,337,200,0
0,1,http://bit.ly/2Bq1efV,bit.ly,137740,28069,200,1
0,1,http://jio.com/r/XGLiVNuh,jio.com,3312763,186555,200,0
0,1,https://goo.gl/JGf7AJ,goo.gl,0,0,400,0
0,1,https://edmodo.com/p/pk7jx6c,edmodo.com,114,0,200,1
0,1,https://fb.com/l/29Jn1bPlywnRAmQ,fb.com,77982,32748,200,0
